State/UT,District,Year,Population,GDP per Capita (INR),Literacy Rate (%),Poverty Rate (%),Unemployment Rate (%),Violent Crimes,Property Crimes,Cyber Crimes,Total Crimes Reported,Crime Rate per 100000
Mizoram,Mizoram - District 4,2022,2163687,96490,75.9,18.3,6.6,787,9001,852,10640,491.75
Jharkhand,Jharkhand - District 4,2022,1381604,35454,91.2,19.3,7.2,3858,6404,578,10840,784.6
Rajasthan,Rajasthan - District 5,2019,302515,140494,73.4,30.7,7.8,4780,4509,737,10026,3314.22
Delhi,Delhi - District 4,2021,345625,119180,79.8,27.3,9.1,2242,1284,698,4224,1222.13
Chandigarh,Chandigarh - District 2,2018,462610,83871,72.4,19.3,10.2,4598,6267,1640,12505,2703.14
West Bengal,West Bengal - District 3,2020,1523437,168709,94.7,23.3,9.7,2629,4470,1409,8508,558.47
Maharashtra,Maharashtra - District 2,2022,1690307,59424,68.4,6.7,6.1,2481,9580,1422,13483,797.67
Nagaland,Nagaland - District 3,2022,1085865,47948,87.9,23.8,10.0,826,9936,1462,12224,1125.74
Tripura,Tripura - District 5,2020,2085115,127123,74.8,10.8,11.8,558,9904,513,10975,526.35
Assam,Assam - District 1,2022,1448616,92292,83.1,15.5,4.4,4824,8375,944,14143,976.31
Rajasthan,Rajasthan - District 3,2022,2291530,207254,79.7,6.1,9.8,973,4835,139,5947,259.52
Puducherry,Puducherry - District 3,2021,1843723,216168,92.8,32.9,6.6,1562,9894,1671,13127,711.98
Rajasthan,Rajasthan - District 1,2022,2556976,158713,82.5,24.6,6.1,1988,7673,1309,10970,429.02
Madhya Pradesh,Madhya Pradesh - District 6,2018,1141174,220271,84.5,33.0,6.6,278,2744,784,3806,333.52
Uttarakhand,Uttarakhand - District 5,2022,979717,58460,60.5,14.1,11.4,3231,8134,1308,12673,1293.54
Arunachal Pradesh,Arunachal Pradesh - District 2,2020,1789080,213233,85.4,5.3,6.1,1713,9069,168,10950,612.05
Arunachal Pradesh,Arunachal Pradesh - District 5,2023,2177599,158046,64.5,17.3,13.1,174,3971,886,5031,231.03
Rajasthan,Rajasthan - District 2,2023,526857,94340,63.2,25.6,11.5,164,9991,874,11029,2093.36
Odisha,Odisha - District 5,2019,2194751,178469,61.6,11.2,14.1,1965,6291,113,8369,381.32
Karnataka,Karnataka - District 1,2021,1211328,241194,95.7,10.4,10.5,3346,3431,1329,8106,669.18
Kerala,Kerala - District 5,2023,305658,209921,74.6,11.5,8.3,4775,9582,771,15128,4949.32
West Bengal,West Bengal - District 1,2023,2817203,135156,72.3,34.3,3.4,772,9130,580,10482,372.07
Jammu & Kashmir,Jammu & Kashmir - District 2,2018,198182,223242,65.1,6.4,12.3,2915,9566,1281,13762,6944.12
Assam,Assam - District 5,2023,1862336,169544,76.0,5.8,14.6,4857,2467,132,7456,400.36
Maharashtra,Maharashtra - District 2,2023,204721,203137,76.7,31.4,9.1,2912,9612,599,13123,6410.19
Haryana,Haryana - District 3,2019,405054,85480,88.2,30.4,9.5,3220,5280,131,8631,2130.83
Andaman & Nicobar Islands,Andaman & Nicobar Islands - District 4,2021,1340019,245815,83.8,9.4,5.3,2079,7933,1482,11494,857.75
Gujarat,Gujarat - District 1,2020,1492181,129303,66.8,29.0,9.6,2863,4163,940,7966,533.85
Telangana,Telangana - District 3,2023,1644550,238270,61.3,19.9,4.9,2502,996,1401,4899,297.89
Jharkhand,Jharkhand - District 4,2018,966004,50922,97.3,11.4,3.8,2899,8116,409,11424,1182.6
Dadra & Nagar Haveli and Daman & Diu,Dadra & Nagar Haveli and Daman & Diu - District 6,2020,2999761,182802,89.6,22.3,14.8,4150,5053,879,10082,336.09
Karnataka,Karnataka - District 4,2021,2661393,130667,85.3,20.0,10.7,344,1426,1180,2950,110.84
Sikkim,Sikkim - District 5,2018,514535,56751,83.2,12.7,7.9,2533,3801,320,6654,1293.21
Telangana,Telangana - District 3,2021,1761382,149304,78.6,8.6,12.6,113,756,1419,2288,129.9
Mizoram,Mizoram - District 6,2021,1370309,143012,92.9,20.0,6.6,4877,3235,1373,9485,692.18
Arunachal Pradesh,Arunachal Pradesh - District 5,2021,1835516,35469,72.5,18.0,4.1,1751,1636,812,4199,228.76
Uttarakhand,Uttarakhand - District 2,2020,1908777,249073,76.2,34.6,9.6,4214,3867,1095,9176,480.73
Rajasthan,Rajasthan - District 6,2023,302773,47221,96.8,26.4,14.1,456,9563,253,10272,3392.64
Madhya Pradesh,Madhya Pradesh - District 3,2021,181562,33729,81.9,9.8,8.7,1982,5408,989,8379,4614.95
Manipur,Manipur - District 2,2022,299264,193996,72.9,33.6,11.9,4754,6750,1693,13197,4409.82
Assam,Assam - District 2,2018,95232,116544,83.3,11.8,13.2,3688,2037,71,5796,6086.19
Uttar Pradesh,Uttar Pradesh - District 1,2022,990325,34695,78.9,7.8,6.5,3620,3718,1759,9097,918.59
Himachal Pradesh,Himachal Pradesh - District 4,2021,755356,44031,84.9,21.8,11.2,326,4643,1091,6060,802.27
Odisha,Odisha - District 5,2018,1083388,193535,97.5,16.7,11.8,1626,528,980,3134,289.28
Chandigarh,Chandigarh - District 2,2023,1558797,219668,75.5,21.3,9.5,2309,5149,837,8295,532.14
Ladakh,Ladakh - District 6,2020,1613159,56325,71.5,34.0,11.4,2477,1347,1276,5100,316.15
Jammu & Kashmir,Jammu & Kashmir - District 2,2020,2227028,197071,93.1,5.9,11.6,2155,6603,589,9347,419.71
Goa,Goa - District 4,2018,473177,173674,68.4,6.2,3.4,2501,2272,782,5555,1173.98
Delhi,Delhi - District 4,2023,2700250,50092,76.8,5.5,3.9,3629,2055,1635,7319,271.05
Uttar Pradesh,Uttar Pradesh - District 3,2020,1830192,67271,92.1,17.8,6.3,4612,915,1521,7048,385.1
Goa,Goa - District 5,2022,2106501,32708,65.7,16.4,8.0,3373,5038,211,8622,409.3
Meghalaya,Meghalaya - District 4,2020,1194440,238886,70.4,22.8,8.9,4624,9125,1280,15029,1258.25
Puducherry,Puducherry - District 4,2022,1024507,33679,91.1,22.6,6.0,4886,6195,1582,12663,1236.01
Jammu & Kashmir,Jammu & Kashmir - District 6,2022,1543156,55792,73.2,20.6,10.9,3437,6111,1290,10838,702.33
Manipur,Manipur - District 5,2018,1097146,183956,89.5,30.4,5.2,4387,1910,427,6724,612.86
Andhra Pradesh,Andhra Pradesh - District 4,2023,1302557,134211,81.8,33.0,9.9,4359,8786,1855,15000,1151.58
West Bengal,West Bengal - District 4,2019,2593923,148642,75.4,29.8,5.7,4047,7109,292,11448,441.34
Lakshadweep,Lakshadweep - District 3,2019,1775284,195368,79.8,33.0,12.7,1226,7132,1110,9468,533.32
Odisha,Odisha - District 4,2018,346694,83693,69.3,32.4,7.0,4969,2061,1725,8755,2525.28
Arunachal Pradesh,Arunachal Pradesh - District 3,2021,2170539,123980,87.7,8.2,11.2,382,4582,1480,6444,296.88
Nagaland,Nagaland - District 2,2021,2477115,143689,72.0,8.8,10.9,1380,4227,1494,7101,286.66
Arunachal Pradesh,Arunachal Pradesh - District 2,2019,1927541,189342,63.1,34.0,6.5,3939,9051,970,13960,724.24
Goa,Goa - District 3,2022,2015730,136082,96.1,22.3,7.3,4469,8807,910,14186,703.76
Chandigarh,Chandigarh - District 4,2020,664769,82802,86.1,28.8,10.0,621,7132,446,8199,1233.36
Tamil Nadu,Tamil Nadu - District 4,2019,1981441,32889,88.3,20.4,7.0,3842,7402,1141,12385,625.05
Goa,Goa - District 1,2022,732405,205841,69.2,20.0,11.2,2600,8057,1367,12024,1641.71
Tamil Nadu,Tamil Nadu - District 6,2021,2399465,58261,84.9,20.3,4.9,3248,744,627,4619,192.5
Tamil Nadu,Tamil Nadu - District 3,2023,1389083,191792,75.4,32.9,4.1,3501,3685,196,7382,531.43
Karnataka,Karnataka - District 2,2019,2608845,35695,70.6,6.1,14.1,3166,5950,833,9949,381.36
Nagaland,Nagaland - District 6,2019,70655,194077,77.7,25.6,5.7,2642,2037,804,5483,7760.24
Sikkim,Sikkim - District 4,2021,943061,181872,63.9,26.9,5.4,4139,2598,1801,8538,905.35
Puducherry,Puducherry - District 3,2018,551854,115818,83.4,29.8,4.9,861,7754,703,9318,1688.49
Haryana,Haryana - District 2,2021,2998632,153130,78.0,21.8,10.5,2563,9859,74,12496,416.72
Manipur,Manipur - District 5,2023,446419,221313,87.6,32.7,12.1,965,1273,441,2679,600.11
Uttar Pradesh,Uttar Pradesh - District 5,2018,1040993,133088,64.5,34.7,5.5,486,7692,555,8733,838.91
Uttarakhand,Uttarakhand - District 2,2021,2740927,182540,95.3,6.6,8.1,2868,5802,1508,10178,371.33
Ladakh,Ladakh - District 5,2021,960175,177641,94.0,6.7,4.7,4419,9971,229,14619,1522.53
Ladakh,Ladakh - District 2,2023,434533,139525,71.8,23.2,9.3,2443,852,957,4252,978.52
Maharashtra,Maharashtra - District 4,2018,1067375,40400,87.3,8.3,3.4,3753,2865,1537,8155,764.02
Telangana,Telangana - District 5,2021,2018881,240503,85.5,9.9,8.8,1357,864,1850,4071,201.65
Uttarakhand,Uttarakhand - District 6,2022,59422,204698,95.9,19.5,9.9,4954,8551,1246,14751,24824.14
Madhya Pradesh,Madhya Pradesh - District 1,2019,2057878,83473,67.0,21.2,10.7,2413,1731,1695,5839,283.74
West Bengal,West Bengal - District 6,2022,405734,116612,64.5,24.6,6.4,3139,1937,478,5554,1368.88
Telangana,Telangana - District 2,2022,2547587,100864,80.9,29.5,14.5,3564,1152,1753,6469,253.93
Andhra Pradesh,Andhra Pradesh - District 6,2020,977460,106373,96.6,12.5,4.6,2393,5337,1664,9394,961.06
Rajasthan,Rajasthan - District 1,2019,532450,93230,94.9,25.2,14.9,4947,6417,1095,12459,2339.94
Lakshadweep,Lakshadweep - District 3,2021,2053649,150827,63.4,6.7,7.5,4539,4789,207,9535,464.3
Nagaland,Nagaland - District 2,2018,1455419,221996,77.5,6.7,8.1,1311,729,238,2278,156.52
Assam,Assam - District 2,2021,674446,40800,67.7,12.8,5.0,1191,6274,425,7890,1169.85
Tamil Nadu,Tamil Nadu - District 4,2021,224588,133602,60.7,14.8,10.5,3275,1598,1201,6074,2704.51
Odisha,Odisha - District 6,2019,1234836,59680,74.3,33.9,6.3,130,8190,1416,9736,788.44
Chandigarh,Chandigarh - District 1,2022,97003,78478,72.3,26.5,4.6,2811,900,414,4125,4252.45
Mizoram,Mizoram - District 3,2021,2053011,185086,74.7,15.6,6.8,4373,7023,957,12353,601.7
Kerala,Kerala - District 4,2019,1360015,41350,75.8,26.9,4.6,1292,1964,440,3696,271.76
Haryana,Haryana - District 6,2022,2548578,171994,85.7,9.2,9.9,2358,6539,700,9597,376.56
Gujarat,Gujarat - District 3,2023,788096,95618,96.4,17.0,13.1,4813,7571,1873,14257,1809.04
Telangana,Telangana - District 3,2020,917838,39304,86.2,28.6,12.5,1332,9308,1556,12196,1328.77
Gujarat,Gujarat - District 6,2019,2837948,77406,86.0,8.3,6.5,295,2687,1517,4499,158.53
Kerala,Kerala - District 6,2019,387462,134186,96.4,21.2,10.3,319,8956,1003,10278,2652.65
Haryana,Haryana - District 1,2020,2397296,94925,60.7,10.0,13.7,4829,2173,1069,8071,336.67
Bihar,Bihar - District 2,2019,1392057,166554,61.7,13.3,12.8,4748,1355,1862,7965,572.17
West Bengal,West Bengal - District 5,2019,942008,116593,78.3,15.0,8.4,4957,1877,1148,7982,847.34
Gujarat,Gujarat - District 5,2022,394126,136133,89.8,23.0,5.4,4451,8826,1646,14923,3786.35
Madhya Pradesh,Madhya Pradesh - District 2,2019,2794686,114817,85.7,21.4,8.7,1954,5183,544,7681,274.84
Gujarat,Gujarat - District 3,2021,101707,48689,92.9,33.4,4.3,4857,3494,609,8960,8809.62
Tripura,Tripura - District 1,2019,996984,77780,89.1,33.0,14.4,4763,6269,1687,12719,1275.75
Nagaland,Nagaland - District 4,2018,1180070,249977,79.5,15.3,6.9,736,9005,1399,11140,944.01
Kerala,Kerala - District 1,2020,1869239,217135,89.6,8.5,3.0,884,5071,132,6087,325.64
Goa,Goa - District 3,2018,1085811,179092,74.3,21.6,12.7,2317,5467,371,8155,751.05
Kerala,Kerala - District 3,2020,936388,248532,60.8,14.5,3.7,700,9072,167,9939,1061.42
Gujarat,Gujarat - District 5,2018,486542,44924,89.9,16.9,9.2,1114,1102,1823,4039,830.14
Meghalaya,Meghalaya - District 6,2020,2519606,229757,67.0,6.2,3.3,4264,3629,746,8639,342.87
Rajasthan,Rajasthan - District 1,2020,1608274,134292,97.0,30.3,9.0,3993,4345,1692,10030,623.65
Arunachal Pradesh,Arunachal Pradesh - District 4,2022,674771,39596,84.4,28.4,5.6,1928,8409,1542,11879,1760.45
Dadra & Nagar Haveli and Daman & Diu,Dadra & Nagar Haveli and Daman & Diu - District 6,2023,1232279,178977,91.3,13.1,5.2,2779,5766,376,8921,723.94
Rajasthan,Rajasthan - District 1,2018,1702595,95131,81.2,31.8,6.4,1314,4919,1060,7293,428.35
Mizoram,Mizoram - District 4,2021,2070880,133475,68.1,17.3,11.4,4912,4057,1589,10558,509.83
Lakshadweep,Lakshadweep - District 2,2022,1696265,243165,71.2,26.3,4.4,1956,8040,1154,11150,657.33
Nagaland,Nagaland - District 1,2019,1305973,196340,95.8,23.3,13.0,450,7814,1978,10242,784.24
Telangana,Telangana - District 3,2022,2918921,176776,95.8,20.6,11.1,4465,1744,1225,7434,254.68
Manipur,Manipur - District 4,2023,2752708,115042,67.3,21.7,10.0,2231,7822,614,10667,387.51
West Bengal,West Bengal - District 3,2023,1699379,229330,79.8,17.0,6.6,3049,7186,1575,11810,694.96
Arunachal Pradesh,Arunachal Pradesh - District 3,2019,1606518,106272,69.8,21.3,10.6,2808,801,1433,5042,313.85
Maharashtra,Maharashtra - District 1,2021,1215158,165994,90.9,33.4,6.8,1744,4468,718,6930,570.3
Madhya Pradesh,Madhya Pradesh - District 6,2023,819565,61186,89.9,32.1,6.2,3755,4293,1805,9853,1202.22
Manipur,Manipur - District 6,2019,2082355,228153,90.9,12.7,12.3,973,5055,302,6330,303.98
Assam,Assam - District 3,2020,2881569,168043,86.4,28.8,6.8,3024,758,332,4114,142.77
Jammu & Kashmir,Jammu & Kashmir - District 1,2021,367192,123295,86.8,22.7,8.4,403,1848,1510,3761,1024.26
Bihar,Bihar - District 3,2021,1945066,92068,94.3,7.0,9.4,4108,2966,284,7358,378.29
Gujarat,Gujarat - District 5,2021,1496250,93610,86.8,17.8,8.3,1458,8197,1939,11594,774.87
Delhi,Delhi - District 5,2020,2557413,201813,97.7,27.7,12.5,442,3229,1452,5123,200.32
Jammu & Kashmir,Jammu & Kashmir - District 3,2019,1217574,196439,70.3,29.1,14.9,1601,8922,1456,11979,983.84
Lakshadweep,Lakshadweep - District 4,2023,2982379,81553,98.0,30.1,13.7,4356,1370,1201,6927,232.26
Rajasthan,Rajasthan - District 6,2022,200635,208394,62.7,33.0,12.2,2106,6291,1979,10376,5171.58
Tamil Nadu,Tamil Nadu - District 3,2021,143476,144560,69.0,33.0,13.3,1081,7882,1533,10496,7315.51
Punjab,Punjab - District 4,2020,351173,31737,83.8,33.4,10.0,3631,9626,1151,14408,4102.82
Bihar,Bihar - District 4,2020,1751243,246992,80.0,20.4,5.0,106,3767,470,4343,248.0
Karnataka,Karnataka - District 3,2023,785122,174933,69.1,25.2,12.9,1132,1811,437,3380,430.51
Haryana,Haryana - District 4,2023,2986537,245553,65.1,18.3,8.4,483,4834,244,5561,186.2
Sikkim,Sikkim - District 6,2020,2071363,164330,90.5,17.5,6.4,2947,1939,75,4961,239.5
Jammu & Kashmir,Jammu & Kashmir - District 4,2018,1220407,131799,95.8,31.0,6.5,4869,6987,1350,13206,1082.1
Madhya Pradesh,Madhya Pradesh - District 5,2023,2074611,42940,85.6,12.2,12.1,298,1071,840,2209,106.48
Puducherry,Puducherry - District 6,2019,2499205,76105,79.7,18.0,14.9,2411,1661,865,4937,197.54
Ladakh,Ladakh - District 3,2019,2066211,158331,81.8,32.8,12.9,4676,607,1238,6521,315.6
Delhi,Delhi - District 2,2022,927933,244992,64.8,6.8,6.7,3811,8491,1153,13455,1450.0
Puducherry,Puducherry - District 2,2018,740288,214681,95.7,32.4,9.6,2703,2477,425,5605,757.14
Chandigarh,Chandigarh - District 3,2023,1598496,63719,86.7,26.6,11.7,4108,7155,96,11359,710.61
Andhra Pradesh,Andhra Pradesh - District 5,2023,2372621,58141,63.8,25.8,3.7,1738,6171,834,8743,368.5
Meghalaya,Meghalaya - District 6,2021,1413517,65294,75.7,33.1,8.5,2294,4055,1379,7728,546.72
Maharashtra,Maharashtra - District 5,2023,1885068,39269,60.5,20.4,12.2,685,6323,220,7228,383.43
Andhra Pradesh,Andhra Pradesh - District 6,2019,485684,62371,75.4,24.6,7.3,2239,2049,504,4792,986.65
Himachal Pradesh,Himachal Pradesh - District 5,2022,1914445,237609,79.8,22.7,12.0,2786,3485,1699,7970,416.31
Haryana,Haryana - District 5,2019,2305750,234565,62.4,28.3,12.9,1914,5433,1413,8760,379.92
Kerala,Kerala - District 2,2021,2670268,222341,68.8,11.8,9.6,957,4323,676,5956,223.05
Gujarat,Gujarat - District 1,2022,2364552,247060,62.7,14.4,14.2,3797,8451,1064,13312,562.98
Arunachal Pradesh,Arunachal Pradesh - District 6,2022,2279655,235675,61.7,6.1,6.3,2074,3791,319,6184,271.27
Meghalaya,Meghalaya - District 3,2020,1285296,187403,79.2,17.1,10.6,4479,598,246,5323,414.15
Gujarat,Gujarat - District 4,2023,455841,64397,96.2,30.2,12.7,4470,5783,1516,11769,2581.82
Jharkhand,Jharkhand - District 6,2022,1109165,87221,95.8,12.1,4.3,3264,2553,337,6154,554.83
Uttar Pradesh,Uttar Pradesh - District 2,2020,102635,50946,78.9,17.1,11.1,166,8623,1400,10189,9927.41
Andaman & Nicobar Islands,Andaman & Nicobar Islands - District 3,2020,660441,123616,75.5,12.0,9.4,3480,2378,1303,7161,1084.28
Haryana,Haryana - District 2,2019,776448,189988,64.5,15.1,4.7,4266,5888,1398,11552,1487.8
Tamil Nadu,Tamil Nadu - District 3,2022,2147953,136538,89.3,27.4,5.8,449,9821,961,11231,522.87
Jharkhand,Jharkhand - District 5,2020,419349,229226,84.9,34.1,9.7,4721,8066,68,12855,3065.47
Meghalaya,Meghalaya - District 2,2021,645983,136749,89.1,17.2,13.6,3501,3392,1242,8135,1259.32
Arunachal Pradesh,Arunachal Pradesh - District 3,2018,913403,123471,78.8,5.4,14.9,1667,5841,1704,9212,1008.54
Bihar,Bihar - District 1,2023,1305516,72604,78.3,10.9,10.3,4896,5593,98,10587,810.94
Chhattisgarh,Chhattisgarh - District 2,2023,1633214,130859,92.8,17.0,6.5,4827,4465,1640,10932,669.36
Madhya Pradesh,Madhya Pradesh - District 6,2020,2306246,31605,73.9,9.4,5.5,1315,9016,1028,11359,492.53
Tamil Nadu,Tamil Nadu - District 1,2022,1200127,48976,89.0,28.7,10.7,932,2940,749,4621,385.04
Tripura,Tripura - District 5,2019,381922,50601,66.7,26.5,11.5,4699,1167,498,6364,1666.31
Gujarat,Gujarat - District 1,2023,323586,76289,69.4,9.9,5.2,3297,639,1474,5410,1671.89
Sikkim,Sikkim - District 3,2020,2103780,240404,73.0,27.4,9.6,2308,1579,277,4164,197.93
Lakshadweep,Lakshadweep - District 5,2020,188307,118757,94.7,19.1,9.8,4989,7517,1677,14183,7531.85
Andaman & Nicobar Islands,Andaman & Nicobar Islands - District 5,2022,910966,109233,62.8,18.9,10.4,693,7395,1951,10039,1102.02
West Bengal,West Bengal - District 2,2023,1783341,131490,69.9,5.6,3.4,660,2412,1914,4986,279.59
Assam,Assam - District 6,2023,2721252,211572,69.6,11.6,8.9,2144,7868,1518,11530,423.7
Ladakh,Ladakh - District 4,2019,1957310,211026,75.9,18.0,3.6,1238,9151,881,11270,575.79
Delhi,Delhi - District 6,2023,2280484,226955,77.0,28.7,10.4,3606,6196,1294,11096,486.56
Delhi,Delhi - District 6,2019,2358436,191848,81.9,9.9,4.5,2611,746,779,4136,175.37
Uttarakhand,Uttarakhand - District 2,2023,2816394,241346,85.3,7.4,10.2,3656,1579,1035,6270,222.63
Dadra & Nagar Haveli and Daman & Diu,Dadra & Nagar Haveli and Daman & Diu - District 2,2019,2725820,116089,76.9,11.7,11.7,336,7304,879,8519,312.53
Andaman & Nicobar Islands,Andaman & Nicobar Islands - District 2,2019,2381499,216005,92.5,25.6,9.2,1846,6283,1609,9738,408.9
Jharkhand,Jharkhand - District 4,2020,696012,92901,76.1,28.8,3.4,1819,7186,1637,10642,1529.0
Tamil Nadu,Tamil Nadu - District 2,2022,2003574,91716,79.1,14.5,11.8,3309,7023,159,10491,523.61
Karnataka,Karnataka - District 6,2022,2540272,57564,85.8,33.4,6.5,579,8544,172,9295,365.91
Goa,Goa - District 6,2018,2891011,108958,87.1,27.8,4.2,1852,3110,1877,6839,236.56
Andaman & Nicobar Islands,Andaman & Nicobar Islands - District 3,2023,1278080,36412,96.1,28.3,6.4,3155,2349,1349,6853,536.19
Puducherry,Puducherry - District 6,2022,2065935,79086,74.9,20.1,8.6,4901,1664,669,7234,350.16
Maharashtra,Maharashtra - District 6,2023,260809,201616,79.3,23.6,8.7,3325,2960,595,6880,2637.95
Chhattisgarh,Chhattisgarh - District 5,2018,2636058,148581,93.4,11.5,11.1,1296,2272,211,3779,143.36
Maharashtra,Maharashtra - District 3,2019,2425100,157732,91.1,31.9,13.2,3299,7268,988,11555,476.48
Odisha,Odisha - District 4,2020,2563128,162596,71.5,6.5,8.6,4976,8917,1124,15017,585.89
Maharashtra,Maharashtra - District 5,2020,2007021,228767,86.9,34.8,6.8,2618,1730,1183,5531,275.58
Kerala,Kerala - District 6,2020,1201404,156613,62.3,23.1,12.2,579,1853,1324,3756,312.63
Sikkim,Sikkim - District 2,2020,434903,37244,92.6,12.0,4.4,4137,1072,1611,6820,1568.17
Meghalaya,Meghalaya - District 2,2023,1987135,78867,88.7,19.2,5.7,4221,5016,1736,10973,552.2
Chhattisgarh,Chhattisgarh - District 6,2018,2585232,181379,77.3,13.0,5.6,3775,3245,1868,8888,343.8
Jammu & Kashmir,Jammu & Kashmir - District 1,2022,2604293,100825,92.3,30.4,7.3,768,9191,1719,11678,448.41
Tamil Nadu,Tamil Nadu - District 5,2018,1838702,56708,72.8,14.9,6.4,3283,3667,999,7949,432.32
Jharkhand,Jharkhand - District 5,2022,2782463,171355,91.0,23.4,7.5,1173,5684,404,7261,260.96
Ladakh,Ladakh - District 3,2023,1525378,40360,85.3,11.4,10.9,1006,1102,249,2357,154.52
Arunachal Pradesh,Arunachal Pradesh - District 4,2018,1875977,226167,69.4,26.8,14.9,1955,8533,1564,12052,642.44
Ladakh,Ladakh - District 1,2021,2436597,68015,97.2,29.3,9.7,1517,9346,444,11307,464.05
Maharashtra,Maharashtra - District 5,2019,784172,246597,97.1,29.2,11.8,2701,3157,1616,7474,953.11
Rajasthan,Rajasthan - District 2,2022,1989309,81507,87.7,14.5,7.1,4160,5824,454,10438,524.7
Arunachal Pradesh,Arunachal Pradesh - District 4,2020,2668760,147235,79.9,30.4,13.1,3183,1537,1706,6426,240.79
Punjab,Punjab - District 2,2021,2696460,203820,77.0,11.3,11.3,2163,1947,573,4683,173.67
Chhattisgarh,Chhattisgarh - District 4,2019,1863924,62441,61.6,21.9,14.2,3900,7594,955,12449,667.89
Bihar,Bihar - District 1,2019,2284805,140155,77.6,9.1,7.1,505,8486,1623,10614,464.55
Andaman & Nicobar Islands,Andaman & Nicobar Islands - District 1,2020,111009,117938,66.9,33.3,12.1,3477,4571,256,8304,7480.47
Sikkim,Sikkim - District 5,2021,531127,249219,75.9,12.5,6.8,1188,5364,516,7068,1330.76
Mizoram,Mizoram - District 2,2018,1646963,173788,62.1,8.9,3.7,2875,2492,245,5612,340.75
Nagaland,Nagaland - District 1,2023,1330896,91720,88.6,22.7,5.6,4069,4805,175,9049,679.92
Karnataka,Karnataka - District 1,2019,492244,89807,85.5,29.2,14.4,4151,2697,1953,8801,1787.93
Rajasthan,Rajasthan - District 4,2023,2490395,188957,78.9,14.9,8.3,2782,8945,1550,13277,533.13
Odisha,Odisha - District 6,2018,1317403,35057,67.6,29.2,13.2,492,1608,316,2416,183.39
Maharashtra,Maharashtra - District 4,2022,930432,234851,92.8,13.0,9.4,2668,6382,1504,10554,1134.31
Nagaland,Nagaland - District 4,2019,2311556,154481,62.7,24.8,12.7,4857,1304,453,6614,286.13
Ladakh,Ladakh - District 3,2018,819153,227626,71.1,5.2,7.5,2602,4319,761,7682,937.8
Dadra & Nagar Haveli and Daman & Diu,Dadra & Nagar Haveli and Daman & Diu - District 3,2022,999014,58000,66.2,12.5,5.7,379,8397,1248,10024,1003.39
Punjab,Punjab - District 5,2022,2707303,177776,95.0,7.8,14.5,3147,7354,1992,12493,461.46
Odisha,Odisha - District 1,2021,1076281,170319,87.9,20.7,5.6,1152,5069,746,6967,647.32
Dadra & Nagar Haveli and Daman & Diu,Dadra & Nagar Haveli and Daman & Diu - District 6,2019,2037881,198767,90.1,14.2,3.4,4527,5861,949,11337,556.31
Puducherry,Puducherry - District 5,2022,1546823,162773,74.0,8.8,3.5,1047,4621,459,6127,396.1
Dadra & Nagar Haveli and Daman & Diu,Dadra & Nagar Haveli and Daman & Diu - District 5,2018,2054358,197284,79.2,25.2,13.9,4337,7753,1537,13627,663.32
Uttarakhand,Uttarakhand - District 5,2023,2092532,190449,81.7,17.2,10.9,2638,1389,1808,5835,278.85
Mizoram,Mizoram - District 1,2021,1645350,141813,72.7,22.1,13.9,948,6854,553,8355,507.79
Jammu & Kashmir,Jammu & Kashmir - District 4,2022,1973921,108946,77.4,30.4,8.4,673,4714,1542,6929,351.03
Tripura,Tripura - District 4,2022,2659624,234446,65.4,20.3,13.0,482,4612,542,5636,211.91
Andaman & Nicobar Islands,Andaman & Nicobar Islands - District 1,2023,152903,183730,62.2,35.0,12.0,1252,556,1254,3062,2002.58
Uttar Pradesh,Uttar Pradesh - District 3,2023,1032099,108210,64.0,22.2,9.0,1076,1234,470,2780,269.35
Karnataka,Karnataka - District 4,2020,2878728,40068,92.9,13.7,8.6,4382,2407,1211,8000,277.9
Mizoram,Mizoram - District 2,2021,346956,79570,81.9,15.3,12.7,3492,3272,482,7246,2088.45
Jammu & Kashmir,Jammu & Kashmir - District 3,2023,644091,101524,63.5,20.4,5.8,3759,2919,1646,8324,1292.36
Jammu & Kashmir,Jammu & Kashmir - District 5,2020,1877791,55651,90.5,30.4,4.4,3923,4432,412,8767,466.88
Tripura,Tripura - District 1,2023,2519485,137532,65.0,14.1,13.7,1169,3581,1402,6152,244.18
Chhattisgarh,Chhattisgarh - District 5,2020,1408311,92261,67.6,31.7,6.4,1648,7980,98,9726,690.61
Uttar Pradesh,Uttar Pradesh - District 3,2022,461373,115481,88.4,33.8,8.5,4284,9399,399,14082,3052.19
Andaman & Nicobar Islands,Andaman & Nicobar Islands - District 5,2018,1934175,66373,87.6,8.6,5.0,1843,4291,312,6446,333.27
Kerala,Kerala - District 5,2018,2359608,66483,67.6,14.5,12.5,792,1978,302,3072,130.19
Himachal Pradesh,Himachal Pradesh - District 2,2022,2456126,82446,97.0,19.0,13.2,3905,6919,429,11253,458.16
West Bengal,West Bengal - District 3,2018,2769220,30296,87.8,26.3,5.4,2368,1494,140,4002,144.52
Goa,Goa - District 5,2023,1588814,108077,82.2,33.6,3.5,2652,3332,1909,7893,496.79
Telangana,Telangana - District 1,2022,1852272,62583,73.4,14.8,8.7,1256,3626,110,4992,269.51
Himachal Pradesh,Himachal Pradesh - District 2,2020,875782,207295,86.2,22.9,9.0,1054,1762,1001,3817,435.84
Bihar,Bihar - District 6,2020,2297175,162379,92.4,26.3,13.9,2146,6707,1164,10017,436.06
Tripura,Tripura - District 1,2022,1456819,83450,64.1,8.0,3.1,3218,1260,1664,6142,421.6
Karnataka,Karnataka - District 2,2023,489358,91692,72.1,12.8,4.1,189,5315,853,6357,1299.05
Meghalaya,Meghalaya - District 1,2021,2170700,224293,84.8,15.5,10.4,1665,808,955,3428,157.92
Mizoram,Mizoram - District 4,2023,878894,164199,79.2,28.3,13.3,945,1664,716,3325,378.32
Ladakh,Ladakh - District 3,2020,1189391,224894,85.6,11.4,10.7,2511,2607,1555,6673,561.04
Punjab,Punjab - District 3,2023,1061214,59086,85.3,11.0,13.6,3790,3935,1203,8928,841.3
Himachal Pradesh,Himachal Pradesh - District 3,2021,1601899,176480,73.4,14.1,14.7,3965,5957,215,10137,632.81
Goa,Goa - District 4,2019,2487828,217647,76.6,22.4,9.2,2429,1632,749,4810,193.34
Rajasthan,Rajasthan - District 5,2020,2259375,76936,87.9,28.9,6.2,335,4711,1236,6282,278.04
Tamil Nadu,Tamil Nadu - District 5,2022,452641,121549,78.3,25.4,13.3,322,502,1309,2133,471.23
Haryana,Haryana - District 6,2018,638574,104842,90.7,30.7,15.0,4546,6896,830,12272,1921.78
Andhra Pradesh,Andhra Pradesh - District 2,2022,1110899,141335,84.5,22.9,7.8,2014,5689,474,8177,736.07
Chhattisgarh,Chhattisgarh - District 1,2021,2695485,211948,95.2,5.6,8.7,3520,6345,732,10597,393.14
Jharkhand,Jharkhand - District 3,2021,2796437,65440,61.7,11.5,3.2,190,9221,710,10121,361.92
Lakshadweep,Lakshadweep - District 2,2020,601872,74783,60.5,12.5,11.6,616,9993,1958,12567,2087.99
Lakshadweep,Lakshadweep - District 4,2020,546184,150179,66.4,5.9,6.9,2611,7321,1529,11461,2098.38
Punjab,Punjab - District 4,2021,2072327,158411,85.8,11.1,11.9,1138,5830,609,7577,365.63
Jharkhand,Jharkhand - District 5,2021,628110,54042,61.7,25.8,10.8,2039,2135,1748,5922,942.83
Karnataka,Karnataka - District 4,2022,2703271,163248,64.9,8.0,10.2,4050,8997,957,14004,518.04
Lakshadweep,Lakshadweep - District 5,2023,520897,68886,66.7,14.1,7.0,3885,7582,108,11575,2222.13
Haryana,Haryana - District 4,2018,2478271,193244,73.3,25.3,12.1,3526,5830,1777,11133,449.22
Telangana,Telangana - District 6,2019,2665880,184468,88.0,7.1,13.4,3162,4518,1146,8826,331.07
Bihar,Bihar - District 5,2021,1905546,93918,65.8,5.9,14.6,1401,3736,1562,6699,351.55
Chandigarh,Chandigarh - District 1,2021,2303422,84740,93.1,13.7,4.0,1018,4715,631,6364,276.28
Himachal Pradesh,Himachal Pradesh - District 1,2019,593898,207718,92.8,8.3,14.1,1039,4216,1416,6671,1123.26
Telangana,Telangana - District 5,2018,611700,77734,64.0,25.7,4.9,4296,6975,885,12156,1987.25
Chandigarh,Chandigarh - District 3,2019,1881716,203217,94.5,24.1,12.2,3444,6319,916,10679,567.51
Telangana,Telangana - District 4,2019,1740336,62624,81.7,5.3,6.1,2007,5314,830,8151,468.36
Chhattisgarh,Chhattisgarh - District 3,2020,1261569,134859,68.9,14.1,6.5,2407,1728,1132,5267,417.5
Andaman & Nicobar Islands,Andaman & Nicobar Islands - District 3,2018,289190,38888,87.6,16.3,3.1,1049,4087,1161,6297,2177.46
Puducherry,Puducherry - District 2,2020,730503,79695,71.3,23.0,9.0,1323,6218,70,7611,1041.88
Jharkhand,Jharkhand - District 5,2018,2350269,72222,65.3,22.3,12.1,368,2962,1318,4648,197.76
Puducherry,Puducherry - District 3,2023,1945703,229521,81.5,15.2,6.9,697,9336,497,10530,541.19
Mizoram,Mizoram - District 3,2019,1761303,240098,96.4,12.4,7.2,1127,6810,1541,9478,538.12
Tamil Nadu,Tamil Nadu - District 2,2023,636470,122476,72.7,8.7,4.3,4787,9474,1826,16087,2527.53
Telangana,Telangana - District 6,2021,2059386,88418,74.4,27.5,4.2,3856,9871,1311,15038,730.22
Assam,Assam - District 5,2018,2053426,235735,60.1,25.5,5.0,4319,6644,1017,11980,583.42
Lakshadweep,Lakshadweep - District 4,2021,1441864,222589,64.7,11.4,3.4,469,7971,1745,10185,706.38
Himachal Pradesh,Himachal Pradesh - District 4,2018,1833611,207597,93.3,18.3,14.8,2253,6824,233,9310,507.74
Mizoram,Mizoram - District 4,2018,1937717,189788,88.1,11.3,13.1,1201,4921,1763,7885,406.92
Chhattisgarh,Chhattisgarh - District 3,2018,2380229,131084,82.2,30.3,9.6,536,3328,1606,5470,229.81
Madhya Pradesh,Madhya Pradesh - District 2,2018,175849,109823,96.6,8.4,8.9,4343,1641,899,6883,3914.15
Manipur,Manipur - District 4,2018,1541341,41549,71.4,33.9,9.4,3761,3441,659,7861,510.01
Himachal Pradesh,Himachal Pradesh - District 5,2018,1905797,156083,96.9,33.0,11.9,3358,3762,1495,8615,452.04
Meghalaya,Meghalaya - District 4,2021,2961259,233339,68.8,13.7,7.4,3011,8452,417,11880,401.18
Nagaland,Nagaland - District 3,2020,2093683,221349,75.2,33.4,7.8,947,5209,461,6617,316.05
Andaman & Nicobar Islands,Andaman & Nicobar Islands - District 3,2021,702632,95464,62.0,6.8,6.7,1600,6912,1076,9588,1364.58
Tamil Nadu,Tamil Nadu - District 3,2020,318602,160993,89.4,6.6,3.2,3191,1468,1203,5862,1839.91
Mizoram,Mizoram - District 5,2023,1925530,242204,78.7,14.3,5.2,2679,3285,513,6477,336.37
Himachal Pradesh,Himachal Pradesh - District 2,2021,1615615,89546,88.0,13.6,12.6,4374,2759,1878,9011,557.74
Himachal Pradesh,Himachal Pradesh - District 4,2020,1681734,116694,81.4,28.0,14.3,3902,7624,1155,12681,754.04
Karnataka,Karnataka - District 3,2020,2169844,154954,94.6,21.4,11.8,1287,4469,967,6723,309.84
Chandigarh,Chandigarh - District 5,2018,87570,249049,90.3,9.6,10.5,766,776,1309,2851,3255.68
Jammu & Kashmir,Jammu & Kashmir - District 5,2023,275075,102746,80.6,32.6,13.8,3118,7375,385,10878,3954.56
Odisha,Odisha - District 1,2020,807600,211299,94.8,20.1,12.5,1026,5152,698,6876,851.41
Telangana,Telangana - District 4,2018,589203,30909,62.8,20.1,5.2,2531,5170,785,8486,1440.25
Mizoram,Mizoram - District 4,2020,700332,219103,68.4,12.6,13.5,3309,7898,649,11856,1692.91
Uttarakhand,Uttarakhand - District 3,2023,2955188,119670,88.5,18.1,14.2,4905,8507,277,13689,463.22
Chhattisgarh,Chhattisgarh - District 6,2022,1188882,136984,95.6,23.1,8.7,1341,9207,1675,12223,1028.11
West Bengal,West Bengal - District 6,2023,2567626,122889,91.9,6.0,9.2,4641,8376,1253,14270,555.77
Meghalaya,Meghalaya - District 3,2019,1810399,63757,89.2,17.8,9.8,4552,8947,1057,14556,804.02
West Bengal,West Bengal - District 5,2018,354603,146518,84.0,12.7,14.4,2910,3592,1046,7548,2128.58
Himachal Pradesh,Himachal Pradesh - District 2,2018,1517172,180245,84.4,7.4,11.9,3023,6555,1884,11462,755.48
Jharkhand,Jharkhand - District 2,2019,600242,216093,63.0,18.3,6.1,4405,3363,1881,9649,1607.52
Dadra & Nagar Haveli and Daman & Diu,Dadra & Nagar Haveli and Daman & Diu - District 1,2023,1407085,80185,66.0,33.6,7.9,2982,670,262,3914,278.16
Madhya Pradesh,Madhya Pradesh - District 1,2018,2578588,90610,93.4,21.7,14.5,1116,6970,64,8150,316.06
Tripura,Tripura - District 5,2022,1469600,130326,66.2,15.9,6.0,4202,1404,1028,6634,451.42
Assam,Assam - District 3,2022,2893236,97843,90.3,34.0,13.3,2796,7683,1202,11681,403.73
Sikkim,Sikkim - District 2,2023,1970773,147265,88.3,27.5,6.8,3016,8628,1125,12769,647.92
Dadra & Nagar Haveli and Daman & Diu,Dadra & Nagar Haveli and Daman & Diu - District 5,2023,473359,185581,91.9,17.9,11.7,3854,6006,175,10035,2119.96
Maharashtra,Maharashtra - District 3,2023,1752417,56950,95.3,17.9,4.4,3431,3653,1356,8440,481.62
Manipur,Manipur - District 4,2019,1780841,225220,67.8,5.0,3.5,1580,6730,1152,9462,531.32
Punjab,Punjab - District 5,2021,762932,246951,84.4,28.5,14.2,1838,3785,807,6430,842.8
Odisha,Odisha - District 3,2019,1927887,218337,60.3,17.7,11.6,4424,8276,416,13116,680.33
Himachal Pradesh,Himachal Pradesh - District 1,2020,2001144,161642,86.5,24.5,6.3,1974,7482,1333,10789,539.14
Haryana,Haryana - District 6,2021,2586655,116724,92.8,22.6,10.0,1696,6160,432,8288,320.41
Nagaland,Nagaland - District 4,2022,2993486,35577,88.8,20.0,13.9,2163,4142,292,6597,220.38
Dadra & Nagar Haveli and Daman & Diu,Dadra & Nagar Haveli and Daman & Diu - District 1,2022,2658182,216113,67.8,25.6,7.2,1485,1442,1282,4209,158.34
Meghalaya,Meghalaya - District 1,2023,2305913,172226,86.0,13.7,5.4,3481,6339,882,10702,464.11
Haryana,Haryana - District 3,2020,2064017,36476,90.5,18.0,15.0,734,502,1767,3003,145.49
Jharkhand,Jharkhand - District 1,2021,1431173,134135,89.5,12.0,7.1,916,7782,1523,10221,714.17
Tamil Nadu,Tamil Nadu - District 2,2018,2283414,100199,60.1,18.5,13.0,1285,3762,1082,6129,268.41
Arunachal Pradesh,Arunachal Pradesh - District 4,2023,1362743,149654,60.1,23.6,7.3,1180,5536,1093,7809,573.04
Rajasthan,Rajasthan - District 6,2020,678758,189277,82.8,6.9,11.7,3166,8601,1285,13052,1922.92
Dadra & Nagar Haveli and Daman & Diu,Dadra & Nagar Haveli and Daman & Diu - District 1,2018,569382,74406,61.3,19.1,14.5,1170,3636,1012,5818,1021.81
Uttar Pradesh,Uttar Pradesh - District 4,2023,953057,207788,79.8,7.2,5.3,2664,9134,1665,13463,1412.61
Tamil Nadu,Tamil Nadu - District 4,2020,2941196,81644,75.2,30.7,8.2,1482,4740,324,6546,222.56
Tamil Nadu,Tamil Nadu - District 1,2019,1474932,30486,91.4,17.8,10.2,4925,2761,623,8309,563.35
Ladakh,Ladakh - District 5,2019,779672,45021,89.4,15.2,4.7,151,1037,1638,2826,362.46
Jharkhand,Jharkhand - District 2,2021,2150510,118535,73.0,18.5,14.0,1373,7153,679,9205,428.04
Meghalaya,Meghalaya - District 4,2018,1992517,187699,94.9,6.4,7.1,4410,3519,1683,9612,482.4
Kerala,Kerala - District 3,2021,1266053,45989,83.9,32.9,11.1,2670,7882,478,11030,871.21
Meghalaya,Meghalaya - District 1,2020,1848432,183857,70.0,17.7,3.5,3974,5030,931,9935,537.48
Delhi,Delhi - District 1,2020,224898,117985,91.3,8.1,14.3,1499,5177,220,6896,3066.28
Kerala,Kerala - District 3,2019,1852502,181818,94.5,34.9,11.4,1993,8606,1636,12235,660.46
Meghalaya,Meghalaya - District 6,2018,2073969,240625,73.0,34.6,8.8,4144,952,1963,7059,340.36
Karnataka,Karnataka - District 1,2023,2625849,121128,86.2,15.2,12.7,1148,8807,97,10052,382.81
Sikkim,Sikkim - District 1,2021,339372,44429,83.1,34.5,13.1,3500,8726,496,12722,3748.69
Madhya Pradesh,Madhya Pradesh - District 5,2020,945596,76216,71.2,13.0,7.0,3432,1287,128,4847,512.59
Jharkhand,Jharkhand - District 1,2022,2126775,195714,84.2,22.9,10.8,4169,1551,1623,7343,345.26
Kerala,Kerala - District 6,2022,1565554,41781,74.6,30.6,14.4,3238,9595,569,13402,856.05
Manipur,Manipur - District 1,2020,1484269,216493,69.2,17.8,14.6,4178,6301,1892,12371,833.47
West Bengal,West Bengal - District 1,2019,1385119,236232,90.8,7.6,12.7,3209,2686,244,6139,443.21
Assam,Assam - District 2,2023,2318185,59118,81.0,7.8,7.1,1167,7764,1627,10558,455.44
Bihar,Bihar - District 4,2021,1976711,51312,73.1,9.6,3.3,1013,2511,1492,5016,253.75
Punjab,Punjab - District 6,2022,2877503,151211,84.7,31.0,13.7,1824,7098,415,9337,324.48
Madhya Pradesh,Madhya Pradesh - District 4,2019,2995081,235096,78.9,13.6,11.8,1198,2177,883,4258,142.17
Chhattisgarh,Chhattisgarh - District 5,2021,840645,171365,79.6,13.0,13.0,4753,4248,1175,10176,1210.5
Sikkim,Sikkim - District 5,2023,1919085,160429,73.1,29.2,6.0,123,3503,1936,5562,289.83
Haryana,Haryana - District 2,2020,705129,222816,85.8,28.2,14.4,292,2276,1647,4215,597.76
Uttarakhand,Uttarakhand - District 1,2019,2061562,30209,79.7,22.3,12.0,1384,3648,818,5850,283.77
Punjab,Punjab - District 6,2019,447597,180630,81.5,5.5,12.4,3178,3483,1165,7826,1748.45
Delhi,Delhi - District 3,2020,2619395,217223,77.2,28.9,10.1,4961,3411,849,9221,352.03
Dadra & Nagar Haveli and Daman & Diu,Dadra & Nagar Haveli and Daman & Diu - District 6,2022,958840,48830,93.6,11.4,10.6,2281,5511,984,8776,915.27
Jharkhand,Jharkhand - District 2,2020,2071835,43255,95.7,18.6,5.4,1022,683,1661,3366,162.46
Jharkhand,Jharkhand - District 6,2019,1767534,141362,68.8,20.1,11.8,3658,1461,1849,6968,394.22
Bihar,Bihar - District 6,2018,2615618,115376,82.1,9.2,8.3,1234,7152,322,8708,332.92
Himachal Pradesh,Himachal Pradesh - District 1,2022,2584803,165601,89.6,23.3,11.4,4975,1819,1191,7985,308.92
Jammu & Kashmir,Jammu & Kashmir - District 2,2022,1387900,164760,80.6,12.8,10.1,2884,5537,1215,9636,694.29
Telangana,Telangana - District 1,2018,1483331,100658,77.8,31.6,10.7,2324,2610,1007,5941,400.52
Bihar,Bihar - District 6,2021,1230788,185914,73.4,18.8,3.5,3929,7038,1560,12527,1017.8
Uttar Pradesh,Uttar Pradesh - District 4,2022,103010,68165,60.0,8.6,9.4,4188,9723,257,14168,13754.0
Mizoram,Mizoram - District 3,2018,470661,228110,87.3,16.2,4.1,2540,7356,543,10439,2217.94
Manipur,Manipur - District 2,2021,1680060,145600,67.4,10.0,14.0,1652,2620,1087,5359,318.98
Bihar,Bihar - District 6,2019,921522,50219,71.4,14.8,12.5,2934,9690,1926,14550,1578.91
Tamil Nadu,Tamil Nadu - District 4,2022,805398,61385,68.6,31.2,12.8,780,8663,72,9515,1181.4
West Bengal,West Bengal - District 1,2020,2509150,220208,85.8,23.3,12.2,637,7072,284,7993,318.55
Gujarat,Gujarat - District 2,2020,2645104,76220,89.8,27.0,4.4,3574,8819,1895,14288,540.17
Ladakh,Ladakh - District 2,2019,2365372,135153,76.5,17.4,3.4,2390,4859,571,7820,330.6
Haryana,Haryana - District 4,2022,1294199,201244,68.2,17.7,13.9,2447,3778,1409,7634,589.86
Himachal Pradesh,Himachal Pradesh - District 6,2023,2297680,235867,60.9,18.5,5.8,1906,2004,1310,5220,227.19
Karnataka,Karnataka - District 6,2018,529809,58992,85.6,26.7,8.9,1509,5697,1267,8473,1599.26
Jharkhand,Jharkhand - District 1,2019,2163213,219298,88.5,8.8,12.3,2563,9424,1798,13785,637.25
Meghalaya,Meghalaya - District 2,2020,1781530,145819,96.6,16.3,10.2,4477,3659,1277,9413,528.37
Telangana,Telangana - District 2,2023,1966726,66558,61.5,34.5,7.6,3591,6374,1713,11678,593.78
Lakshadweep,Lakshadweep - District 1,2019,1459849,73923,95.6,21.3,12.2,4995,7292,1413,13700,938.45
Chandigarh,Chandigarh - District 5,2021,2114284,36574,90.7,27.7,7.3,3710,8396,409,12515,591.93
Odisha,Odisha - District 3,2018,2645658,167934,60.7,25.7,14.3,2173,6670,751,9594,362.63
Punjab,Punjab - District 6,2020,2244621,76950,64.0,23.8,4.5,3815,6109,1437,11361,506.14
Punjab,Punjab - District 6,2018,1952871,127927,78.9,8.7,7.8,1092,5924,1427,8443,432.34
Sikkim,Sikkim - District 3,2022,539858,40514,95.8,27.2,4.0,4149,6281,607,11037,2044.43
Tripura,Tripura - District 2,2020,971806,183463,72.3,18.2,13.0,2001,4990,1147,8138,837.41
Madhya Pradesh,Madhya Pradesh - District 1,2021,80063,99453,69.3,15.7,14.9,1550,6149,1263,8962,11193.68
Meghalaya,Meghalaya - District 6,2023,2355289,85390,93.7,31.8,7.0,191,4722,129,5042,214.07
Odisha,Odisha - District 4,2019,2992050,33981,80.6,8.9,7.5,1045,1100,702,2847,95.15
Meghalaya,Meghalaya - District 3,2018,400036,249631,69.6,18.3,13.2,2608,5258,684,8550,2137.31
Odisha,Odisha - District 1,2019,2176697,109569,94.7,10.3,3.1,560,9578,1535,11673,536.27
Dadra & Nagar Haveli and Daman & Diu,Dadra & Nagar Haveli and Daman & Diu - District 6,2021,2034768,58176,67.5,22.3,14.1,986,9084,1725,11795,579.67
Lakshadweep,Lakshadweep - District 1,2023,1710458,162152,64.3,29.8,6.0,1662,1139,155,2956,172.82
Himachal Pradesh,Himachal Pradesh - District 6,2021,2504698,60676,89.0,6.4,10.8,242,3261,1437,4940,197.23
Kerala,Kerala - District 6,2021,2224758,153769,63.0,18.3,5.0,4973,2895,78,7946,357.16
Sikkim,Sikkim - District 1,2018,152951,138306,83.9,15.8,7.9,2450,4857,833,8140,5321.97
West Bengal,West Bengal - District 1,2022,2769824,228691,84.1,8.2,10.5,3851,9159,1215,14225,513.57
Kerala,Kerala - District 5,2020,691621,185666,79.6,22.4,14.2,2180,6589,1302,10071,1456.14
Arunachal Pradesh,Arunachal Pradesh - District 1,2021,1777408,210302,93.8,18.5,13.6,2248,9723,894,12865,723.81
Andhra Pradesh,Andhra Pradesh - District 6,2018,1010612,227990,68.4,10.2,10.9,4617,3802,1763,10182,1007.51
Gujarat,Gujarat - District 5,2020,986800,121829,92.7,6.1,12.4,2917,9136,1643,13696,1387.92
Odisha,Odisha - District 5,2022,909734,124968,64.4,30.3,4.7,3162,3571,605,7338,806.61
Uttar Pradesh,Uttar Pradesh - District 6,2019,203329,130588,64.9,21.7,13.7,3955,5148,1683,10786,5304.7
Bihar,Bihar - District 5,2022,52352,163004,80.6,27.9,13.0,1046,1939,1182,4167,7959.58
Himachal Pradesh,Himachal Pradesh - District 4,2022,847583,232166,86.5,17.5,9.2,2635,2432,926,5993,707.07
Ladakh,Ladakh - District 1,2019,1390522,120331,79.1,30.5,3.2,2693,595,1038,4326,311.11
Manipur,Manipur - District 6,2018,1168844,156218,83.7,23.1,8.9,2667,2174,685,5526,472.77
Kerala,Kerala - District 3,2023,208477,66386,85.0,34.9,8.4,2647,3664,734,7045,3379.27
Puducherry,Puducherry - District 5,2023,2704965,241474,91.7,18.6,11.6,3635,2793,1154,7582,280.3
Lakshadweep,Lakshadweep - District 5,2021,2057415,235523,72.1,26.7,12.6,2444,1831,1796,6071,295.08
Dadra & Nagar Haveli and Daman & Diu,Dadra & Nagar Haveli and Daman & Diu - District 4,2019,1082018,67317,86.5,16.6,4.9,120,1899,1203,3222,297.78
Andhra Pradesh,Andhra Pradesh - District 1,2021,2372312,213321,68.1,23.3,7.9,1760,6795,769,9324,393.03
Bihar,Bihar - District 1,2021,1084586,41190,97.4,13.1,7.9,2361,4236,1795,8392,773.75
Jammu & Kashmir,Jammu & Kashmir - District 5,2018,1999428,36050,81.2,28.6,9.5,4626,4912,447,9985,499.39
Puducherry,Puducherry - District 1,2020,211298,234222,81.8,23.7,9.1,4989,5339,1119,11447,5417.47
Chandigarh,Chandigarh - District 4,2023,1428314,217973,77.0,12.7,4.4,4279,6799,1736,12814,897.14
Uttarakhand,Uttarakhand - District 3,2022,1131781,139084,92.6,14.0,14.1,3674,4285,516,8475,748.82
Telangana,Telangana - District 6,2022,242593,108315,75.1,14.7,14.8,3152,6192,172,9516,3922.62
Karnataka,Karnataka - District 3,2022,376284,137325,97.1,15.3,7.0,1031,8410,1060,10501,2790.71
Meghalaya,Meghalaya - District 5,2020,2818240,168069,92.8,34.9,8.1,687,1834,1542,4063,144.17
Maharashtra,Maharashtra - District 3,2020,139360,92287,69.8,27.6,9.2,1605,9553,1463,12621,9056.4
Himachal Pradesh,Himachal Pradesh - District 5,2020,1490351,93909,96.9,22.1,4.7,1329,4982,1841,8152,546.99
Jammu & Kashmir,Jammu & Kashmir - District 1,2023,489844,249700,62.5,5.0,9.3,854,2847,864,4565,931.93
Himachal Pradesh,Himachal Pradesh - District 6,2019,2869182,237546,82.4,5.2,12.3,1824,3843,936,6603,230.14
Ladakh,Ladakh - District 6,2022,1994741,32365,89.6,25.0,6.7,472,8283,1999,10754,539.12
Punjab,Punjab - District 4,2023,699179,62376,97.5,6.7,4.7,342,3300,561,4203,601.13
Andhra Pradesh,Andhra Pradesh - District 1,2023,284386,111571,65.7,17.7,4.8,1684,982,1181,3847,1352.74
Assam,Assam - District 5,2022,2612605,163669,68.6,16.4,4.5,4017,6126,645,10788,412.92
Kerala,Kerala - District 5,2022,1526285,205220,76.7,24.3,7.6,373,2806,1208,4387,287.43
Rajasthan,Rajasthan - District 3,2023,2255927,55032,77.4,33.4,11.1,444,3211,1501,5156,228.55
Nagaland,Nagaland - District 2,2022,238674,55523,87.2,34.2,14.8,2894,648,1907,5449,2283.03
Uttarakhand,Uttarakhand - District 1,2020,266194,124786,80.1,23.4,8.8,4032,9233,408,13673,5136.48
Odisha,Odisha - District 4,2022,511122,180737,96.7,10.2,10.8,220,7249,1525,8994,1759.66
Kerala,Kerala - District 5,2021,1499589,80013,60.8,34.5,4.0,1882,1684,796,4362,290.88
Uttarakhand,Uttarakhand - District 1,2022,2774098,151123,82.1,8.8,8.5,1488,4685,769,6942,250.24
Chandigarh,Chandigarh - District 2,2021,1449433,32459,81.0,24.8,6.9,1408,1550,1475,4433,305.84
Mizoram,Mizoram - District 2,2019,1083879,132413,71.2,7.7,11.0,628,5393,393,6414,591.76
Madhya Pradesh,Madhya Pradesh - District 2,2022,1028582,86759,90.4,15.0,11.8,2079,9390,1362,12831,1247.45
Gujarat,Gujarat - District 2,2023,1995049,158467,76.1,15.4,7.8,2534,6741,1418,10693,535.98
Lakshadweep,Lakshadweep - District 6,2023,783082,32682,95.5,14.5,14.3,3254,8223,1653,13130,1676.71
Lakshadweep,Lakshadweep - District 5,2022,890172,226945,81.7,19.5,9.6,3711,4200,1566,9477,1064.63
Rajasthan,Rajasthan - District 4,2019,2557495,244560,91.5,24.9,7.1,4139,8403,1953,14495,566.77
Manipur,Manipur - District 5,2022,258606,30882,78.3,6.7,5.1,965,5704,263,6932,2680.53
Arunachal Pradesh,Arunachal Pradesh - District 6,2018,566595,169401,72.7,5.8,3.3,2857,4420,1950,9227,1628.5
Telangana,Telangana - District 3,2019,1612607,173588,92.8,13.0,10.1,4321,6949,1775,13045,808.94
Arunachal Pradesh,Arunachal Pradesh - District 6,2019,1576322,53284,62.1,30.6,5.7,4776,8499,98,13373,848.37
Madhya Pradesh,Madhya Pradesh - District 4,2021,2983794,155629,84.4,13.3,8.9,3297,4053,394,7744,259.54
Goa,Goa - District 6,2019,1371448,125102,91.4,25.9,11.6,2014,7865,1074,10953,798.64
Andhra Pradesh,Andhra Pradesh - District 3,2018,2797143,86549,82.5,25.4,5.8,4253,7926,391,12570,449.39
Andaman & Nicobar Islands,Andaman & Nicobar Islands - District 3,2022,2627153,30015,65.4,30.0,3.1,3483,9586,1617,14686,559.01
Lakshadweep,Lakshadweep - District 2,2023,2070991,236518,82.5,20.1,10.8,2813,5247,1144,9204,444.42
Himachal Pradesh,Himachal Pradesh - District 2,2023,2671158,158308,97.1,29.5,13.2,1024,6534,543,8101,303.28
Manipur,Manipur - District 6,2022,2687174,203501,60.5,21.6,11.9,1019,6182,315,7516,279.7
Jammu & Kashmir,Jammu & Kashmir - District 1,2020,1054735,207228,82.6,7.7,10.3,379,2118,789,3286,311.55
Chandigarh,Chandigarh - District 3,2018,1034131,186844,71.8,24.7,5.5,2364,6436,1197,9997,966.71
Uttar Pradesh,Uttar Pradesh - District 6,2021,97361,88847,62.7,9.4,3.9,1968,2171,1132,5271,5413.87
Tripura,Tripura - District 5,2018,993652,61533,61.6,19.9,9.5,3069,4460,1813,9342,940.17
Uttarakhand,Uttarakhand - District 5,2021,1079922,84796,62.6,18.9,12.8,4067,7923,356,12346,1143.23
Dadra & Nagar Haveli and Daman & Diu,Dadra & Nagar Haveli and Daman & Diu - District 2,2018,467740,39745,76.0,7.1,9.1,1191,3337,457,4985,1065.76
Mizoram,Mizoram - District 2,2020,2372018,248390,74.6,15.4,8.2,2047,1419,1773,5239,220.87
Nagaland,Nagaland - District 1,2021,1039280,162965,86.5,26.8,13.0,1225,3617,115,4957,476.96
Tripura,Tripura - District 4,2021,2552370,115820,73.4,12.0,3.6,3134,7463,1832,12429,486.96
Andaman & Nicobar Islands,Andaman & Nicobar Islands - District 4,2023,2688681,76211,69.8,26.5,11.7,3496,5104,1310,9910,368.58
Maharashtra,Maharashtra - District 2,2021,270935,83634,83.9,30.9,4.6,451,9971,1295,11717,4324.65
Telangana,Telangana - District 4,2020,2803915,244418,60.7,24.6,10.4,1138,3325,1370,5833,208.03
Puducherry,Puducherry - District 1,2023,2633801,100202,65.8,28.8,14.0,1090,8320,383,9793,371.82
Haryana,Haryana - District 4,2021,2003341,217305,71.7,17.4,11.6,2675,1115,1132,4922,245.69
Mizoram,Mizoram - District 5,2020,210185,114363,87.6,25.8,14.8,1932,9184,1341,12457,5926.68
Karnataka,Karnataka - District 1,2020,921158,188458,89.6,34.9,5.3,3441,724,1603,5768,626.17
Gujarat,Gujarat - District 4,2021,1947951,125667,60.5,12.5,5.6,4264,2846,993,8103,415.98
Andaman & Nicobar Islands,Andaman & Nicobar Islands - District 1,2018,1133685,43919,86.9,16.0,9.7,792,9643,1904,12339,1088.4
Manipur,Manipur - District 6,2020,498013,219167,76.6,13.3,9.7,1429,9169,728,11326,2274.24
Andhra Pradesh,Andhra Pradesh - District 1,2020,1861840,182747,61.6,24.0,14.4,1400,7369,1293,10062,540.43
Andhra Pradesh,Andhra Pradesh - District 2,2018,2164785,47014,80.3,10.4,6.7,2566,1487,1528,5581,257.81
Karnataka,Karnataka - District 2,2022,605710,146590,79.5,10.8,4.1,240,2289,1628,4157,686.3
Himachal Pradesh,Himachal Pradesh - District 4,2023,1222304,228640,66.7,22.0,10.0,1981,769,1680,4430,362.43
Ladakh,Ladakh - District 6,2021,2865263,142684,80.3,30.3,10.0,3606,5291,76,8973,313.16
West Bengal,West Bengal - District 5,2022,1709848,137983,77.0,20.9,8.0,3497,8765,1409,13671,799.54
Mizoram,Mizoram - District 1,2020,2908210,210775,65.9,18.2,9.1,2831,4552,1257,8640,297.09
Punjab,Punjab - District 4,2022,657317,76228,65.9,14.0,6.0,1264,9784,1333,12381,1883.57
West Bengal,West Bengal - District 5,2021,2841177,235582,95.4,33.5,7.3,4127,6245,341,10713,377.06
Goa,Goa - District 6,2023,2277039,63919,94.4,5.5,12.4,3590,3035,127,6752,296.53
Punjab,Punjab - District 5,2023,1993508,220346,84.7,7.7,14.4,3967,4293,1279,9539,478.5
Nagaland,Nagaland - District 6,2020,1879074,207274,94.6,16.5,10.6,369,8426,1085,9880,525.79
Andhra Pradesh,Andhra Pradesh - District 5,2021,2874658,233038,62.3,28.4,8.5,4837,7025,1852,13714,477.07
Tripura,Tripura - District 1,2021,882230,107271,94.3,31.2,3.9,2153,3097,730,5980,677.83
Dadra & Nagar Haveli and Daman & Diu,Dadra & Nagar Haveli and Daman & Diu - District 5,2020,1412617,35004,78.2,5.5,11.8,3527,6412,444,10383,735.02
Uttarakhand,Uttarakhand - District 6,2023,1678661,204626,92.3,26.2,8.9,3991,7645,658,12294,732.37
Jammu & Kashmir,Jammu & Kashmir - District 6,2019,687547,130804,71.2,11.5,4.9,2759,755,1552,5066,736.82
Uttar Pradesh,Uttar Pradesh - District 2,2018,731376,173008,91.1,6.2,13.4,964,7360,1637,9961,1361.95
Rajasthan,Rajasthan - District 4,2021,2185896,146082,69.4,18.8,10.5,3750,9824,1752,15326,701.13
Meghalaya,Meghalaya - District 5,2021,789127,69619,93.4,11.1,12.9,4120,7311,577,12008,1521.68
Telangana,Telangana - District 4,2023,2561902,121270,61.1,12.3,13.6,4490,7311,1231,13032,508.68
Nagaland,Nagaland - District 3,2018,523919,202517,63.9,32.3,12.8,1571,2811,1131,5513,1052.26
Jharkhand,Jharkhand - District 6,2018,2466826,207871,91.4,6.3,8.0,1407,2784,1267,5458,221.26
Puducherry,Puducherry - District 4,2019,1556440,85030,67.1,17.8,9.6,679,4304,832,5815,373.61
West Bengal,West Bengal - District 6,2018,257836,162915,75.6,27.4,4.4,919,4318,1035,6272,2432.55
Haryana,Haryana - District 1,2022,147406,79298,72.8,27.5,9.9,2510,6128,186,8824,5986.19
Himachal Pradesh,Himachal Pradesh - District 1,2021,2820574,46999,86.8,18.7,11.0,4288,5249,1507,11044,391.55
Andhra Pradesh,Andhra Pradesh - District 5,2019,1300956,209316,64.6,19.3,9.1,4323,9234,895,14452,1110.88
Jharkhand,Jharkhand - District 3,2018,1438977,107963,94.5,14.4,11.3,228,9961,1674,11863,824.41
Manipur,Manipur - District 4,2022,166220,117173,78.9,10.4,4.3,4375,5865,1807,12047,7247.62
Arunachal Pradesh,Arunachal Pradesh - District 2,2023,76806,206072,74.1,18.0,8.3,3797,2961,1798,8556,11139.75
Himachal Pradesh,Himachal Pradesh - District 6,2018,66279,229737,69.0,33.5,14.3,427,814,1547,2788,4206.46
Assam,Assam - District 6,2022,335711,65292,91.8,13.6,8.2,878,1992,1840,4710,1402.99
Uttar Pradesh,Uttar Pradesh - District 6,2018,1440179,80192,80.0,31.6,13.1,3194,9690,1679,14563,1011.19
Arunachal Pradesh,Arunachal Pradesh - District 4,2019,1690920,164153,88.2,29.5,10.4,3237,2659,1086,6982,412.91
Mizoram,Mizoram - District 6,2022,435105,134672,63.9,22.6,8.9,2497,2432,730,5659,1300.61
Goa,Goa - District 6,2021,2493336,51644,68.1,25.0,4.9,3508,8242,610,12360,495.72
Bihar,Bihar - District 3,2018,1037073,68211,74.6,18.7,7.4,1874,1435,1157,4466,430.64
Odisha,Odisha - District 2,2018,1651582,198913,71.6,19.5,3.8,1453,1267,1897,4617,279.55
Odisha,Odisha - District 3,2023,208253,175457,77.1,26.6,10.0,1195,7485,1858,10538,5060.19
Assam,Assam - District 1,2018,616088,126044,92.4,6.4,10.4,974,6060,1606,8640,1402.4
Mizoram,Mizoram - District 3,2020,392424,180939,72.2,20.8,11.3,3450,5411,453,9314,2373.45
Arunachal Pradesh,Arunachal Pradesh - District 2,2021,1367630,218785,72.2,8.8,8.7,869,1280,1766,3915,286.26
Uttar Pradesh,Uttar Pradesh - District 3,2018,512326,47790,89.2,19.6,7.1,4207,5428,1819,11454,2235.69
Uttarakhand,Uttarakhand - District 6,2021,2529129,99002,63.6,20.4,9.8,3673,3478,449,7600,300.5
Puducherry,Puducherry - District 6,2018,1205733,30908,84.1,34.5,4.7,889,671,314,1874,155.42
Tripura,Tripura - District 6,2018,103024,170749,97.1,13.6,8.1,4192,9841,1567,15600,15142.1
Madhya Pradesh,Madhya Pradesh - District 6,2021,273034,200939,70.2,11.0,12.4,2363,3932,373,6668,2442.19
Chandigarh,Chandigarh - District 6,2023,1287087,205487,69.6,27.0,5.0,4775,2163,1366,8304,645.18
Ladakh,Ladakh - District 5,2022,1104739,224159,60.9,20.0,8.8,3264,3270,1305,7839,709.58
Rajasthan,Rajasthan - District 2,2019,1703172,76389,93.0,31.4,7.2,3089,8843,1375,13307,781.31
Arunachal Pradesh,Arunachal Pradesh - District 5,2018,1388486,98099,79.4,26.7,4.2,3047,4459,815,8321,599.29
Assam,Assam - District 4,2020,2046170,248561,91.2,18.8,7.3,1254,1087,525,2866,140.07
Manipur,Manipur - District 5,2019,2669972,30534,90.0,8.6,4.7,4600,1672,938,7210,270.04
Goa,Goa - District 3,2020,1444316,96732,64.5,13.7,7.8,766,7189,1572,9527,659.62
Haryana,Haryana - District 5,2022,2494975,155829,76.3,11.0,9.2,4650,4672,279,9601,384.81
Jharkhand,Jharkhand - District 6,2023,809401,180673,69.5,21.4,6.3,1325,9927,1079,12331,1523.47
Manipur,Manipur - District 3,2021,2292365,170416,61.9,17.1,11.1,2589,7867,1230,11686,509.78
Nagaland,Nagaland - District 1,2020,2991276,67500,66.5,18.1,8.6,4224,2919,1596,8739,292.15
Mizoram,Mizoram - District 1,2023,2309555,207170,87.9,34.9,6.5,2910,8634,1154,12698,549.8
Goa,Goa - District 1,2020,1294992,194912,96.0,15.1,11.7,1692,3106,208,5006,386.57
Bihar,Bihar - District 1,2020,2134508,108002,69.0,20.4,4.3,678,693,1235,2606,122.09
Delhi,Delhi - District 3,2022,1040391,85063,87.8,18.6,11.2,3464,6936,534,10934,1050.95
Sikkim,Sikkim - District 6,2019,1736090,129250,60.7,20.5,9.4,2047,1808,988,4843,278.96
Goa,Goa - District 5,2018,99976,193324,75.8,20.7,3.7,1773,7034,1688,10495,10497.52
Nagaland,Nagaland - District 2,2020,2524370,129273,85.1,29.5,12.0,3517,7897,304,11718,464.2
Uttarakhand,Uttarakhand - District 1,2021,712858,132826,71.8,14.2,13.1,429,6351,938,7718,1082.68
Uttar Pradesh,Uttar Pradesh - District 1,2018,196192,184219,71.8,24.9,11.0,2276,2838,1905,7019,3577.62
Odisha,Odisha - District 4,2023,2000660,50608,85.6,23.4,13.7,432,5749,1366,7547,377.23
Chandigarh,Chandigarh - District 5,2023,861730,183263,70.6,9.4,6.5,2045,4986,432,7463,866.05
Uttarakhand,Uttarakhand - District 3,2020,1408293,106120,93.5,31.8,5.4,626,8355,505,9486,673.58
Goa,Goa - District 1,2021,2397693,66081,86.2,32.9,9.0,2395,6185,1746,10326,430.66
Bihar,Bihar - District 5,2023,1286530,231465,62.2,15.3,6.2,399,638,408,1445,112.32
Rajasthan,Rajasthan - District 3,2018,2268222,88759,67.3,33.5,7.9,3183,8573,970,12726,561.06
Assam,Assam - District 2,2020,2405787,104071,89.9,8.4,7.3,710,2227,292,3229,134.22
Uttar Pradesh,Uttar Pradesh - District 4,2021,856479,237167,66.4,22.4,11.6,3230,596,545,4371,510.35
Meghalaya,Meghalaya - District 1,2019,1459761,134504,62.0,30.0,4.4,2723,9146,1305,13174,902.48
Tripura,Tripura - District 6,2019,1962878,111371,88.1,29.4,4.5,2281,4388,890,7559,385.1
Maharashtra,Maharashtra - District 3,2018,2755421,83639,75.1,19.2,8.4,3739,4935,646,9320,338.24
Chhattisgarh,Chhattisgarh - District 4,2021,2529888,123635,86.7,13.9,4.3,1416,1624,1575,4615,182.42
Gujarat,Gujarat - District 6,2020,1584263,182297,80.4,15.7,7.2,4027,6796,1822,12645,798.16
Himachal Pradesh,Himachal Pradesh - District 4,2019,2319409,160956,73.2,21.4,14.9,2253,9986,880,13119,565.62
Tripura,Tripura - District 4,2023,1147034,86221,64.7,23.6,11.1,979,2662,1868,5509,480.28
Sikkim,Sikkim - District 3,2021,491168,194909,86.9,32.6,6.2,1855,1019,1417,4291,873.63
Jharkhand,Jharkhand - District 2,2022,2066328,105033,84.6,13.2,5.1,4347,9720,1268,15335,742.14
Assam,Assam - District 5,2019,1790534,202886,62.9,15.2,13.4,4728,6870,1386,12984,725.15
Dadra & Nagar Haveli and Daman & Diu,Dadra & Nagar Haveli and Daman & Diu - District 4,2020,2383291,138957,82.3,19.3,6.9,436,2167,1578,4181,175.43
Punjab,Punjab - District 5,2020,2186491,186829,90.5,28.6,6.6,3433,7950,899,12282,561.72
Uttar Pradesh,Uttar Pradesh - District 6,2023,1642023,152366,89.6,20.0,7.3,4284,6534,1281,12099,736.83
Tripura,Tripura - District 3,2021,1274322,81248,84.8,15.5,14.6,4012,2475,1218,7705,604.64
Uttarakhand,Uttarakhand - District 5,2020,2552656,76978,83.0,25.8,7.6,1841,4188,1391,7420,290.68
Uttarakhand,Uttarakhand - District 2,2022,1743802,195051,80.0,9.2,3.0,2483,6376,1542,10401,596.46
Chandigarh,Chandigarh - District 4,2021,165042,157922,60.9,14.9,9.4,2315,5216,477,8008,4852.1
Himachal Pradesh,Himachal Pradesh - District 3,2020,256903,91799,67.9,23.9,5.6,1183,1149,88,2420,941.99
Jammu & Kashmir,Jammu & Kashmir - District 4,2019,2733552,192182,60.8,31.1,9.6,1218,8131,1019,10368,379.29
Karnataka,Karnataka - District 5,2022,958017,89754,64.3,34.9,5.2,3772,6655,1497,11924,1244.65
Gujarat,Gujarat - District 4,2019,1411236,221758,91.1,20.4,8.3,3062,1359,1858,6279,444.93
Uttarakhand,Uttarakhand - District 2,2019,2271132,194342,69.0,18.4,3.9,3450,1550,1143,6143,270.48
Tamil Nadu,Tamil Nadu - District 6,2022,1566925,186629,71.6,22.8,9.5,2499,5140,962,8601,548.91
Himachal Pradesh,Himachal Pradesh - District 3,2023,453551,184813,65.2,22.4,9.1,2043,8022,1185,11250,2480.43
Ladakh,Ladakh - District 2,2022,1993571,166746,66.7,23.2,7.0,2175,3014,1333,6522,327.15
Andaman & Nicobar Islands,Andaman & Nicobar Islands - District 4,2020,126054,95363,60.5,23.0,9.8,3697,9895,426,14018,11120.63
Gujarat,Gujarat - District 6,2021,817286,163663,90.8,28.6,10.6,1300,3354,897,5551,679.2
Tripura,Tripura - District 3,2023,194938,134504,78.2,17.1,4.8,1293,5012,897,7202,3694.51
Tripura,Tripura - District 1,2018,2537065,186359,81.3,19.6,9.1,970,4074,1781,6825,269.01
Arunachal Pradesh,Arunachal Pradesh - District 6,2023,2295239,211129,70.3,27.8,8.4,304,1081,1629,3014,131.32
Assam,Assam - District 4,2022,1274744,233058,77.1,27.5,10.8,3347,9587,1735,14669,1150.74
Nagaland,Nagaland - District 5,2018,1251988,94994,66.3,5.1,14.8,396,4287,56,4739,378.52
Andhra Pradesh,Andhra Pradesh - District 6,2021,552420,184249,85.9,10.7,10.4,3184,6856,291,10331,1870.14
Tripura,Tripura - District 5,2023,1420092,69477,66.6,34.6,9.7,2389,7870,1616,11875,836.21
Madhya Pradesh,Madhya Pradesh - District 3,2022,678177,33159,88.2,5.8,7.3,1173,2887,396,4456,657.06
Madhya Pradesh,Madhya Pradesh - District 3,2019,897405,163959,66.0,33.5,13.6,1867,6540,1562,9969,1110.87
Chandigarh,Chandigarh - District 6,2019,2536179,99445,93.9,20.4,12.9,3181,2780,85,6046,238.39
Odisha,Odisha - District 5,2023,2106547,211787,94.1,32.2,4.0,1879,575,280,2734,129.79
Uttar Pradesh,Uttar Pradesh - District 2,2019,1868249,153351,60.5,31.1,8.4,2005,5159,1506,8670,464.07
Assam,Assam - District 1,2023,179350,194437,81.3,20.7,4.4,2190,7066,1671,10927,6092.56
Assam,Assam - District 3,2018,2165810,51253,74.1,18.6,7.8,4502,3051,317,7870,363.37
Nagaland,Nagaland - District 3,2023,2350457,74678,86.2,13.5,11.3,2981,3470,1202,7653,325.6
Assam,Assam - District 2,2022,1240631,126468,85.1,9.8,6.1,3148,7323,107,10578,852.63
Madhya Pradesh,Madhya Pradesh - District 5,2019,399115,122759,75.2,29.4,3.2,4386,1691,1594,7671,1922.0
Rajasthan,Rajasthan - District 5,2018,307137,68931,96.5,24.8,9.3,4361,3408,666,8435,2746.33
Telangana,Telangana - District 6,2018,2507717,177937,70.3,29.7,9.2,4978,7033,293,12304,490.65
Madhya Pradesh,Madhya Pradesh - District 1,2022,1353692,95066,81.1,7.3,3.1,2326,1579,1228,5133,379.19
Odisha,Odisha - District 6,2020,1521617,66839,81.5,33.0,11.0,3704,3239,990,7933,521.35
Delhi,Delhi - District 5,2022,2839850,195355,62.3,8.2,5.2,171,3480,1167,4818,169.66
Kerala,Kerala - District 2,2020,721986,116005,97.8,7.8,12.4,3612,1999,101,5712,791.15
Lakshadweep,Lakshadweep - District 6,2021,1887474,206169,78.4,32.2,13.0,1019,8620,867,10506,556.62
Dadra & Nagar Haveli and Daman & Diu,Dadra & Nagar Haveli and Daman & Diu - District 2,2022,425579,115366,64.0,34.5,13.3,161,5681,471,6313,1483.39
Delhi,Delhi - District 1,2021,739517,141375,81.7,19.4,8.9,1345,8745,744,10834,1465.01
Assam,Assam - District 6,2020,608516,240748,62.6,12.9,3.6,3547,2262,1050,6859,1127.17
Jammu & Kashmir,Jammu & Kashmir - District 6,2023,1845962,247192,78.5,9.6,7.4,2072,2293,363,4728,256.13
Punjab,Punjab - District 3,2022,102066,141850,98.0,29.1,12.4,2247,5585,648,8480,8308.35
Arunachal Pradesh,Arunachal Pradesh - District 5,2020,2464802,108229,86.4,27.4,14.8,3074,1367,1777,6218,252.27
Haryana,Haryana - District 5,2023,2530017,127537,88.4,29.4,11.5,2835,8990,1006,12831,507.15
Sikkim,Sikkim - District 2,2021,981398,230658,85.4,31.6,8.5,2471,2221,1399,6091,620.65
Gujarat,Gujarat - District 4,2022,202353,142935,73.5,17.7,5.6,1284,4926,1601,7811,3860.09
Gujarat,Gujarat - District 2,2019,692927,148248,86.0,15.0,3.7,2706,8346,501,11553,1667.28
Chhattisgarh,Chhattisgarh - District 1,2019,2568766,213043,90.7,19.3,15.0,1963,615,990,3568,138.9
Andaman & Nicobar Islands,Andaman & Nicobar Islands - District 4,2022,814948,67594,85.2,15.3,11.2,4743,5556,181,10480,1285.97
Karnataka,Karnataka - District 3,2019,1544139,156244,87.6,19.5,11.3,4656,5213,1094,10963,709.97
Bihar,Bihar - District 2,2022,2125915,233196,71.8,29.7,14.5,3421,5115,1226,9762,459.19
Uttarakhand,Uttarakhand - District 1,2018,1846929,153145,93.1,15.3,12.2,1104,5217,1273,7594,411.17
Gujarat,Gujarat - District 6,2022,1522608,53408,63.9,16.8,9.6,2694,7706,711,11111,729.73
Dadra & Nagar Haveli and Daman & Diu,Dadra & Nagar Haveli and Daman & Diu - District 5,2019,2966397,225403,77.1,15.6,9.7,2796,9331,665,12792,431.23
Andhra Pradesh,Andhra Pradesh - District 2,2021,1208423,190443,91.1,23.1,7.0,1290,7264,1055,9609,795.17
Madhya Pradesh,Madhya Pradesh - District 3,2023,1854933,59320,88.3,17.4,5.3,4491,2659,1886,9036,487.13
Dadra & Nagar Haveli and Daman & Diu,Dadra & Nagar Haveli and Daman & Diu - District 3,2019,229300,113265,64.0,24.9,6.4,3430,2240,1499,7169,3126.47
Mizoram,Mizoram - District 3,2023,2704525,127064,87.2,23.2,4.1,218,1209,1571,2998,110.85
Karnataka,Karnataka - District 5,2023,1810328,51067,61.1,23.7,12.7,4983,7706,109,12798,706.94
Rajasthan,Rajasthan - District 1,2021,597578,142551,94.2,33.2,11.1,3538,8437,1422,13397,2241.88
Delhi,Delhi - District 6,2020,1334468,243408,88.6,29.3,3.4,938,5013,1693,7644,572.81
Meghalaya,Meghalaya - District 3,2023,1014266,134824,69.0,14.3,7.8,4377,4902,571,9850,971.15
Madhya Pradesh,Madhya Pradesh - District 5,2022,1737023,206318,68.8,31.9,6.1,2632,7965,1982,12579,724.17
Andaman & Nicobar Islands,Andaman & Nicobar Islands - District 2,2018,1662850,104095,81.3,11.9,12.9,3327,7484,1005,11816,710.59
Chhattisgarh,Chhattisgarh - District 1,2018,1280746,223226,94.9,15.9,11.7,3902,5199,1760,10861,848.02
Maharashtra,Maharashtra - District 6,2021,1899388,237968,61.5,13.2,14.5,1167,526,843,2536,133.52
Andaman & Nicobar Islands,Andaman & Nicobar Islands - District 2,2021,1627127,138585,61.9,31.2,3.9,3214,3494,1183,7891,484.97
Manipur,Manipur - District 6,2023,1565412,51751,66.8,13.4,8.5,900,8619,781,10300,657.97
Chhattisgarh,Chhattisgarh - District 6,2021,2328348,82870,93.4,25.3,9.6,4420,9335,665,14420,619.32
Dadra & Nagar Haveli and Daman & Diu,Dadra & Nagar Haveli and Daman & Diu - District 5,2021,228475,66365,65.0,20.6,12.3,1745,2287,1673,5705,2496.99
West Bengal,West Bengal - District 4,2021,1622837,174905,80.3,6.6,8.5,861,3685,75,4621,284.75
Andaman & Nicobar Islands,Andaman & Nicobar Islands - District 2,2022,1499169,108572,71.3,5.4,6.6,3133,570,1061,4764,317.78
Lakshadweep,Lakshadweep - District 6,2018,446904,99284,92.0,19.1,7.7,3129,3346,944,7419,1660.09
Andhra Pradesh,Andhra Pradesh - District 2,2019,1190234,87993,69.8,24.0,3.7,869,1843,1876,4588,385.47
Punjab,Punjab - District 5,2018,1126048,89946,66.1,31.6,3.1,4591,3583,1310,9484,842.24
Delhi,Delhi - District 3,2021,1437828,204138,94.6,8.1,3.6,1350,8677,1699,11726,815.54
Jharkhand,Jharkhand - District 6,2021,1650741,219073,61.6,28.4,7.8,3781,4766,1455,10002,605.91
Jharkhand,Jharkhand - District 1,2023,128116,152226,79.2,15.5,14.0,3847,2605,1342,7794,6083.55
Tamil Nadu,Tamil Nadu - District 5,2020,57086,157818,95.6,8.2,13.1,549,8348,1358,10255,17964.12
Uttarakhand,Uttarakhand - District 6,2019,337555,135928,60.3,30.2,3.4,140,3867,1076,5083,1505.83
Haryana,Haryana - District 2,2018,1783985,166690,80.8,22.3,3.3,338,704,609,1651,92.55
Andaman & Nicobar Islands,Andaman & Nicobar Islands - District 4,2018,2378481,87732,91.3,10.7,11.4,2515,2889,1878,7282,306.16
Karnataka,Karnataka - District 3,2018,2370220,124283,70.9,13.4,7.0,1194,6624,1253,9071,382.71
Uttar Pradesh,Uttar Pradesh - District 1,2019,427332,114153,68.0,5.7,13.8,2432,1100,1490,5022,1175.2
Punjab,Punjab - District 2,2023,2447466,129976,87.0,5.6,8.0,4298,8234,818,13350,545.46
Uttarakhand,Uttarakhand - District 6,2018,1818828,72679,83.8,14.5,14.7,4397,7525,195,12117,666.2
Manipur,Manipur - District 4,2021,2807506,242235,86.6,30.7,8.0,3510,3221,1629,8360,297.77
Uttarakhand,Uttarakhand - District 3,2018,881710,127911,97.6,16.3,8.3,1312,6197,859,8368,949.06
Telangana,Telangana - District 4,2021,1998058,55651,88.7,18.6,3.5,1889,3536,1283,6708,335.73
Tripura,Tripura - District 2,2021,1827850,162669,69.7,34.5,14.8,2680,7932,188,10800,590.86
Dadra & Nagar Haveli and Daman & Diu,Dadra & Nagar Haveli and Daman & Diu - District 2,2021,2191572,67710,90.9,19.8,5.5,4203,6987,1830,13020,594.09
Madhya Pradesh,Madhya Pradesh - District 2,2020,2318108,125345,83.9,24.4,13.1,1098,5928,587,7613,328.41
Manipur,Manipur - District 5,2021,2101723,30363,63.5,21.0,12.9,2036,9654,1007,12697,604.12
Gujarat,Gujarat - District 2,2022,678380,216384,63.9,21.4,14.7,4876,2488,1155,8519,1255.79
Gujarat,Gujarat - District 3,2018,1563083,226375,85.0,34.1,10.2,3466,2018,279,5763,368.69
Puducherry,Puducherry - District 2,2021,2089436,140205,89.7,27.7,10.3,2014,8769,1615,12398,593.37
Goa,Goa - District 6,2020,1164518,43689,87.7,30.9,6.3,4958,1180,526,6664,572.25
Assam,Assam - District 2,2019,1621951,141672,85.4,18.9,7.9,4832,4250,1159,10241,631.4
Chhattisgarh,Chhattisgarh - District 1,2022,692613,49337,65.1,14.0,7.3,3852,4235,1620,9707,1401.5
Lakshadweep,Lakshadweep - District 1,2020,2593071,62577,61.4,19.6,11.5,4196,1519,1834,7549,291.12
Jammu & Kashmir,Jammu & Kashmir - District 5,2019,304547,196433,93.4,22.6,11.1,3969,8471,599,13039,4281.44
Odisha,Odisha - District 6,2022,911864,152872,91.1,21.1,13.3,4079,8227,970,13276,1455.92
Bihar,Bihar - District 5,2019,1571466,150956,77.4,13.7,13.8,2272,6168,219,8659,551.01
Uttar Pradesh,Uttar Pradesh - District 2,2021,1527310,87813,86.3,10.1,6.3,1731,6952,824,9507,622.47
Kerala,Kerala - District 3,2018,710197,244235,94.1,29.3,10.0,4057,2466,425,6948,978.32
Sikkim,Sikkim - District 4,2022,421557,84213,78.4,21.2,12.8,2077,3263,828,6168,1463.15
Manipur,Manipur - District 1,2021,981775,177147,82.8,25.9,7.4,766,783,1794,3343,340.51
Delhi,Delhi - District 4,2019,2702797,232910,78.1,32.0,3.4,310,5181,216,5707,211.15
Manipur,Manipur - District 1,2018,424368,93656,80.2,27.4,12.9,2741,3614,1976,8331,1963.15
Sikkim,Sikkim - District 5,2019,862802,155342,86.5,7.7,9.0,4823,9295,1211,15329,1776.65
Jharkhand,Jharkhand - District 4,2023,2927429,89993,65.9,30.0,7.3,4624,3321,212,8157,278.64
Karnataka,Karnataka - District 5,2020,2292433,209515,60.1,16.3,4.7,4973,9135,347,14455,630.55
Andhra Pradesh,Andhra Pradesh - District 1,2018,750336,204668,75.7,8.7,5.2,3279,7552,208,11039,1471.21
Karnataka,Karnataka - District 1,2018,118207,102055,61.5,13.2,3.1,1575,1308,1028,3911,3308.6
Dadra & Nagar Haveli and Daman & Diu,Dadra & Nagar Haveli and Daman & Diu - District 1,2020,737537,152196,93.5,30.2,10.0,3439,3208,1935,8582,1163.6
Maharashtra,Maharashtra - District 2,2019,221277,64159,86.5,15.9,13.6,3799,6469,1123,11391,5147.85
Ladakh,Ladakh - District 6,2019,1442928,215888,87.0,22.6,7.3,1283,4835,1496,7614,527.68
Uttar Pradesh,Uttar Pradesh - District 1,2021,2649087,34482,92.0,27.8,5.0,1858,5741,1300,8899,335.93
Dadra & Nagar Haveli and Daman & Diu,Dadra & Nagar Haveli and Daman & Diu - District 4,2022,1362128,72903,96.8,18.2,7.7,3477,8001,774,12252,899.47
Tripura,Tripura - District 2,2023,1451471,92894,94.0,8.8,4.5,3085,1059,763,4907,338.07
Andaman & Nicobar Islands,Andaman & Nicobar Islands - District 6,2023,950050,39695,71.0,28.6,4.9,287,1714,1462,3463,364.51
Chhattisgarh,Chhattisgarh - District 5,2022,1903207,66609,60.7,8.7,8.0,486,2658,663,3807,200.03
Madhya Pradesh,Madhya Pradesh - District 4,2018,520192,44678,72.1,32.4,3.7,127,7580,1610,9317,1791.07
Bihar,Bihar - District 3,2023,2875494,80583,84.8,30.4,11.3,2758,4000,424,7182,249.77
Uttar Pradesh,Uttar Pradesh - District 2,2023,2996086,192357,93.6,21.8,5.2,627,1416,1758,3801,126.87
Manipur,Manipur - District 5,2020,798810,247509,92.6,25.0,8.2,3697,8170,1087,12954,1621.66
Assam,Assam - District 4,2018,582726,50095,60.5,21.8,9.3,3964,8333,1455,13752,2359.94
Dadra & Nagar Haveli and Daman & Diu,Dadra & Nagar Haveli and Daman & Diu - District 6,2018,2750030,58231,76.2,18.7,9.2,3416,1859,1776,7051,256.4
Goa,Goa - District 1,2019,2104410,136956,90.8,24.1,7.7,3583,2494,540,6617,314.43
Sikkim,Sikkim - District 2,2018,1910966,237374,80.4,27.1,10.5,128,9397,1070,10595,554.43
Kerala,Kerala - District 4,2018,2030407,143880,75.8,16.6,10.9,343,9197,471,10011,493.05
Gujarat,Gujarat - District 6,2023,543992,193926,91.8,30.8,12.0,3042,3273,506,6821,1253.88
Arunachal Pradesh,Arunachal Pradesh - District 6,2021,880051,72821,62.2,11.8,4.6,1719,7368,975,10062,1143.34
Bihar,Bihar - District 4,2023,557365,125040,64.0,10.0,14.7,1499,3915,492,5906,1059.63
Himachal Pradesh,Himachal Pradesh - District 3,2018,1540017,249057,75.8,10.0,8.7,4245,3275,955,8475,550.32
